name,hindiname,category,price,mrp,unit,description,image,veg,bestseller,combo,quickqty,rating,prepTime,serves,sizes,addons,stock,duration
Daily Pass,दैनिक पास,Day Pass,50,80,1 day,"One full day of study — drop in any time, leave whenever",https://images.unsplash.com/photo-1497633762265-9d179a990aa6?w=400,no,no,no,no,5.0,Walk in,1 student,,Locker:30,in stock,1 day
Weekly Pass,साप्ताहिक पास,Weekly,300,400,1 week,"7 days of unlimited access — perfect for exam crunch weeks",https://images.unsplash.com/photo-1568667256549-094345857637?w=400,no,no,no,no,5.0,Walk in,1 student,,Locker:50,in stock,7 days
Monthly Standard,मासिक स्टैंडर्ड,Monthly,999,1500,1 month,"Most popular plan · 24/7 access for 30 days · Wifi included",https://images.unsplash.com/photo-1521587760476-6c12a4b040da?w=400,no,yes,no,no,5.0,Walk in,1 student,,"Locker:100, AC seat:400",in stock,30 days
Monthly Reserved Seat,मासिक आरक्षित सीट,Monthly,1499,2000,1 month,"Your seat reserved 24/7 — no one else uses it · monthly",https://images.unsplash.com/photo-1568667256549-094345857637?w=400,no,yes,no,no,5.0,Walk in,1 student,,"Locker:100, AC seat:400",in stock,30 days
3-Month Plan,3 महीने का प्लान,Quarterly,2700,3500,3 months,"Save 10% over monthly · 3 months unlimited access",https://images.unsplash.com/photo-1580927752452-89d86da3fa0a?w=400,no,no,no,no,5.0,Walk in,1 student,,"Locker:250, AC seat:1100",in stock,90 days
6-Month Plan,6 महीने का प्लान,Half-yearly,4999,6500,6 months,"Save 17% · 6 months unlimited access · perfect for prep cycle",https://images.unsplash.com/photo-1594912772125-0644913a5ee2?w=400,no,bestseller,no,no,5.0,Walk in,1 student,,"Locker:450, AC seat:2100",in stock,180 days
Annual Membership,वार्षिक सदस्यता,Annual,8999,12000,1 year,"Best value · 25% off vs monthly · 12 months unlimited access",https://images.unsplash.com/photo-1521587760476-6c12a4b040da?w=400,no,yes,no,no,5.0,Walk in,1 student,,"Locker:800, AC seat:4000",in stock,365 days
Locker Only,केवल लॉकर,Add-on,100,150,1 month,Personal lockable storage for your books and laptop · monthly,https://images.unsplash.com/photo-1497633762265-9d179a990aa6?w=400,no,no,no,no,5.0,Walk in,1 student,,,in stock,30 days
AC Seat Upgrade,AC सीट अपग्रेड,Add-on,400,500,1 month,Upgrade any plan to an AC seat · monthly cost,https://images.unsplash.com/photo-1568667256549-094345857637?w=400,no,no,no,no,5.0,Walk in,1 student,,,in stock,30 days
